2  ,W BARRY AVE AND ROCKWELL ST,W BARRY AVE AND WASHTENAW AVE
3  ,16TH ST AND WOLCOTT AVE,16TH ST AND WOOD ST
4  ,W LEXINGTON ST AND CLINTON ST,W LEXINGTON ST AND JEFFERSON ST
5  ,S ROCKWELL ST AND MADISON ST,S ROCKWELL ST AND MONROE
6  ,W 47TH PL AND HALSTED ST,W 842 W 47TH PL 
7  ,W 49TH PL AND HALSTED ST,W 49TH PL AND PEORIA ST
8  ,W 51ST PL AND PRINCETON AVE,324 W 51ST PL 
9  ,W 56TH PL AND SHIELDS AVE,W 56TH PL AND STEWART AVE
10 ,S NORMAL AVE AND 54TH PL,S NORMAL AVE AND GARFIELD BLVD
11 ,S NORMAL AVE AND 54TH ST,S NORMAL AVE AND 54TH PL
12 ,5300 S NORMAL AVE,S NORMAL AVE AND 54TH ST
13 ,S SHIELDS AVE AND 48TH PL,S SHIELDS AVE AND 50TH ST
14 ,S SHIELDS AVE AND 50TH ST,S SHIELDS AVE AND 51ST ST
15 ,S STEWART AVE AND 43RD PL,S STEWART AVE AND 44TH PL
16 ,S STEWART AVE AND 44TH PL,S STEWART AVE AND 45TH ST
17 ,E 38TH ST AND LAKE PARK AVE,918 E 38TH ST
18 ,7600 S AVALON,7650 S AVALON
19 ,S KENWOOD AVE AND 68TH ST,S KENWOOD AVE AND 70TH ST
20 ,E 77TH ST AND WENTWORTH AVE,77TH ST AND PERRY AV
21 ,E 86TH ST AND CHAMPLAIN AVE,644 E 86TH ST 
22 ,E 86TH ST AND ST LAWRENCE AVE,86TH ST AND CHAMPLAIN S AVE
23 ,EBERHART AND 91ST ST S,EBERHART AND 92ND ST
24 ,S ST. LAWRENCE AND 83RD ST,S ST. LAWRENCE AND 84TH ST
25 ,E 82ND PL AND EXCHANGE AVE,82ND PL AND COMMERCIAL AVE
26 ,E 97TH ST AND VAN VLISSINGEN ROAD,1800 E 97TH ST 
27 ,S CONSTANCE AVE AND 95TH ST,S CONSTANCE AVE AND 96TH ST
28 ,S CRANDON AVE AND 100TH ST,S CRANDON AVE AND 101ST ST
29 ,S VAN VLISSINGEN ROAD AND 97TH ST,9654 S VAN VLISSINGEN ROAD 
30 ,E 74TH ST AND EAST END AVE,74TH ST AND RIDGELAND AVE
31 ,E 76TH PL AND GREENWOOD AV,1117 E 76TH PL 
32 ,E 80TH ST AND WOODLAWN AVE,1126 E 80TH ST 
33 ,E 89TH ST AND GREENWOOD AVE,89TH ST AND UNIVERSITY AVE
34 ,E 89TH ST AND UNIVERSITY AVE,89TH ST AND WOODLAWN AVE
35 ,900 E 91ST PL,91ST PL AND DREXEL AVE
36 ,E 91ST ST AND WOODLAWN AVE,91ST ST AND AVALON AVE
37 ,E 92ND PL AND KIMBARK AVE,1314 E 92ND PL 
38 ,E 92ND ST AND AVALON AVE,92ND ST AND KIMBARK AVE
39 ,1010 E 93RD PL,93RD PL AND GREENWOOD AVE
40 ,E 94TH ST AND AVALON AVE,94TH ST AND KIMBARK AVE
41 ,E 94TH ST AND EAST END AVE,94TH ST AND RIDGELAND AVE
42 ,E 94TH ST AND KIMBARK AVE,94TH ST AND KENWOOD AVE
43 ,E 94TH ST AND RIDGELAND AVE,94TH ST AND CREGIER AVE
44 ,E 94TH ST AND WOODLAWN AVE,94TH ST AND AVALON AVE
45 ,E 99TH ST AND COTTAGE GROVE AVE,99TH ST AND MARYLAND AVE
46 ,E 99TH ST AND DOBSON AVE,99TH ST AND GREENWOOD AVE
47 ,E 99TH ST AND DREXEL AVE,99TH ST AND INGLESIDE AVE
48 ,E 99TH ST AND ELLIS AVE,99TH ST AND DOBSON AVE
49 ,1100 E 99TH ST,1126 E 99TH ST 
50 ,E 99TH ST AND INGLESIDE AVE,99TH ST AND ELLIS AVE
51 ,E 99TH ST AND MARYLAND AVE,99TH ST AND DREXEL AVE
52 ,1132 E 99TH ST,1158 E 99TH ST 
53 ,1200 E 99TH ST,1244 E 99TH ST 
54 ,7700 S ANTHONY,7760 S ANTHONY
55 ,S AVALON AVE AND 91ST ST,S AVALON AVE AND 92ND ST
56 ,S BALDWIN AVE AND 74TH ST,S BALDWIN AVE AND 75TH ST
57 ,S CREGIER AVE AND 7438 S,S CREGIER AVE AND 75TH ST
58 ,S DOBSON AVE AND 7400 S,S DOBSON AVE AND 75TH ST
59 ,S DREXEL AVE AND 90TH ST,S DREXEL AVE AND 91ST ST
60 ,S DREXEL AVE AND 93RD ST,9340 S DREXEL AVE
61 ,S GREENWOOD AVE AND 87TH ST,S GREENWOOD AVE AND 89TH ST
62 ,E 114TH PL AND CALUMET AVE,114TH PL AND DR MARTIN LUTHER KING JR DR
63 ,E 114TH PL AND FOREST AVE,114TH PL AND CALUMET AVE
64 ,E 114TH PL AND PRAIRIE AVE,114TH PL AND FOREST AVE
65 ,W 121ST ST AND LA SALLE ST,W 121ST ST AND WENTWORTH AVE
66 ,W 121ST ST AND LAFAYETTE AVE,W 121ST ST AND PERRY AVE
67 ,W 121ST ST AND PERRY AVE,W 121ST ST AND LA SALLE ST
68 ,W 121ST ST AND STATE ST,W 121ST ST AND LAFAYETTE AVE
69 ,136 E 126TH PL,160 E 126TH PL 
70 ,E 134TH ST AND CORLISS AVE,134TH ST AND MARYLAND AVE
71 ,E 134TH ST AND EBERHART AVE,134TH ST AND ST LAWRENCE AVE
72 ,E 134TH ST AND EDBROOKE AVE,134TH ST AND INDIANA AVE
73 ,E 134TH ST AND EVANS AVE,134TH ST AND CORLISS AVE
74 ,E 134TH ST AND INDIANA AVE,134TH ST AND MLK DRIVE
75 ,E 134TH ST AND LANGLEY AVE,134TH ST AND EVANS AVE
76 ,E 134TH ST AND DR MARTIN LUTHER KING JR DR,134TH ST AND VERNON AVE
77 ,E 134TH ST AND ST. LAWRENCE AVE,134TH ST AND LANGLEY AVE
78 ,E 134TH ST AND VERNON AVE,134TH ST AND EBERHART AVE
79 ,E 135TH PL AND INDIANA AVE,135TH PL AND FOREST AVE
80 ,9300 S BURNSIDE AVE,9332 S BURNSIDE AVE 
81 ,S CALUMET AVE AND 117TH ST,11740 S CALUMET AVE 
82 ,S CALUMET AVE AND 13513 S,13559 S CALUMET AVE 
83 ,S CORLISS AVE AND 134TH ST,S CORLISS AVE AND 134TH PL
84 ,S EDBROOKE AVE AND 120TH PL,S EDBROOKE AVE AND 121ST ST
85 ,S EVANS AVE AND 134TH ST,S EVANS AVE AND 134TH PL
86 ,S FOREST AVE AND 134TH ST,S FOREST AVE AND 134TH PL
87 ,S FOREST AVE AND 135TH PL,S FOREST AVE AND 136TH ST
88 ,S FRONT AVE AND 116TH ST,S FRONT AVE AND 117TH ST
89 ,S FRONT AVE AND 117TH ST,11725 S FRONT AVE 
90 ,S INDIANA AVE AND 122ND PL,S INDIANA AVE AND 123RD ST
91 ,S INDIANA AVE AND 122ND ST,S INDIANA AVE AND 122ND PL
92 ,ST S LAWRENCE AVE AND 134TH ST,ST S LAWRENCE AVE AND 134TH PL
93 ,S VERNON AVE AND 134TH PL,S VERNON AVE AND 134TH ST
94 ,S WENTWORTH AVE AND BRAYTON ST,S WENTWORTH AVE AND 127TH ST
95 ,E 101ST ST AND ESCANABA AVE,101ST ST AND EXCHANGE AVE
96 ,E 101ST ST AND EXCHANGE AVE,101ST ST AND COMMERCIAL AVE
97 ,E 101ST ST AND MUSKEGON AVE,101ST ST AND ESCANABA AVE
98 ,E 102ND ST AND ESCANABA AVE,102ND ST AND EXCHANGE AVE
99 ,E 102ND ST AND MUSKEGON AVE,102ND ST AND ESCANABA AVE
100,E 103RD ST AND AVENUE O AVE,103RD ST AND AVENUE N AVE
101,E 103RD ST AND COMMERCIAL AVE,2918 E 103RD ST 
102,3244 E 103RD ST,103RD ST AND GREEN BAY AVE
103,E 103RD ST AND ESCANABA AVE,103RD ST AND COMMERCIAL AVE
104,E 103RD ST AND GREEN BAY AVE,103RD ST AND AVENUE O AVE
105,2814 E 103RD ST,103RD ST AND MUSKEGON AVE
106,E 103RD ST AND MUSKEGON AVE,103RD ST AND ESCANABA AVE
107,E 104TH ST AND CRANDON AVE,104TH ST AND OGLESBY AVE
108,3346 E 104TH ST,104TH ST AND GREEN BAY AVE
109,E 104TH ST AND GREEN BAY AVE,104TH ST AND AVENUE O AVE
110,E 107TH ST AND AVENUE L AVE,107TH ST AND EWING AVE
111,E 107TH ST AND AVENUE M AVE,107TH ST AND AVENUE L AVE
112,E 107TH ST AND AVENUE N AVE,107TH ST AND AVENUE M AVE
113,E 107TH ST AND AVENUE O AVE,107TH ST AND AVENUE N AVE
114,E 107TH ST AND GREEN BAY AVE,107TH ST AND AVENUE O AVE
115,E 109TH ST AND BUFFALO AVE,109TH ST AND MACKINAW AVE
116,E 109TH ST AND BURLEY AVE,109TH ST AND BUFFALO AVE
117,E 109TH ST AND GREEN BAY AVE,109TH ST AND AVENUE O AVE
118,E 109TH ST AND MACKINAW AVE,109TH ST AND GREEN BAY AVE
119,E 110TH ST AND AVENUE L AVE,110TH ST AND EWING AVE
120,E 110TH ST AND AVENUE M AVE,110TH ST AND AVENUE L AVE
121,E 110TH ST AND AVENUE N AVE,110TH ST AND AVENUE M AVE
122,E 110TH ST AND AVENUE O AVE,110TH ST AND AVENUE N AVE
123,E 110TH ST AND BUFFALO AVE,110TH ST AND MACKINAW AVE
124,E 110TH ST AND BURLEY AVE,110TH ST AND BUFFALO AVE
125,E 110TH ST AND GREEN BAY AVE,110TH ST AND AVENUE O AVE
126,E 110TH ST AND MACKINAW AVE,110TH ST AND GREEN BAY AVE
127,E 111TH ST AND AVENUE O,111TH ST AND EWING AVE
128,E 111TH ST AND GREEN BAY AVE,111TH ST AND AVENUE O AVE
129,E 111TH ST AND MACKINAW AVE,111TH ST AND GREEN BAY AVE
130,E 112TH ST AND MACKINAW AVE,112TH ST AND GREEN BAY AVE
131,E 113TH ST AND AVENUE N AVE,113TH ST AND AVENUE M AVE
132,E 113TH ST AND GREEN BAY AVE,113TH ST AND AVENUE O AVE
133,E 113TH ST AND MACKINAW AVE,113TH ST AND GREEN BAY AVE
134,E 114TH ST AND AVENUE G,3828 E 114TH ST 
135,E 114TH ST AND GREEN BAY AVE,114TH ST AND AVENUE O AVE
136,E 114TH ST AND MACKINAW AVE,114TH ST AND GREEN BAY AVE
137,E 115TH ST AND AVENUE G,3812 E 115TH ST 
138,2432 E 116TH ST,116TH ST AND TORRENCE AVE
139,E 118TH ST AND AVENUE J,3712 E 118TH ST 
140,E 118TH ST AND EWING AVE,118TH ST AND AVENUE J AVE
141,E 122ND ST AND STONY ISLAND AVE,122ND ST AND TORRENCE AVE
142,E 127TH ST AND COMMERCIAL AVE,127TH ST AND CARONDOLET AVE
143,2900 E 127TH ST,127TH ST AND EXCHANGE AVE
144,E 127TH ST AND EXCHANGE AVE,127TH ST AND COMMERCIAL AVE
145,E 130TH ST AND BUFFALO AVE,130TH ST AND MACKINAW AVE
146,E 130TH ST AND BURLEY AVE,130TH ST AND BUFFALO AVE
147,E 130TH ST AND GREEN BAY AVE,130TH ST AND AVENUE O AVE
148,E 130TH ST AND MACKINAW AVE,130TH ST AND GREEN BAY AVE
149,E 131ST ST AND AVENUE M AVE,3556 E 131ST ST 
150,E 131ST ST AND BUFFALO AVE,131ST ST AND MACKINAW AVE
151,E 133RD ST AND AVENUE L AVE,133RD ST AND AVENUE K AVE
152,E 133RD ST AND AVENUE M AVE,133RD ST AND AVENUE L AVE
153,E 133RD ST AND AVENUE N AVE,133RD ST AND AVENUE M AVE
154,E 133RD ST AND AVENUE O AVE,133RD ST AND AVENUE N AVE
155,E 133RD ST AND GREEN BAY AVE,133RD ST AND AVENUE O AVE
156,E 133RD ST AND MACKINAW AVE,133RD ST AND GREEN BAY AVE
157,E 134TH ST AND AVENUE K AVE,4072 E 134TH ST 
158,E 135TH ST AND AVENUE L AVE,135TH ST AND AVENUE K AVE
159,E 135TH ST AND AVENUE M AVE,135TH ST AND AVENUE L AVE
160,E 135TH ST AND AVENUE N AVE,135TH ST AND AVENUE M AVE
161,E 135TH ST AND AVENUE O AVE,135TH ST AND AVENUE N AVE
162,E 135TH ST AND BALTIMORE AVE,135TH ST AND BRANDON AVE
163,E 135TH ST AND BUFFALO AVE,135TH ST AND MACKINAW AVE
164,E 135TH ST AND GREEN BAY AVE,135TH ST AND AVENUE O AVE
165,E 135TH ST AND MACKINAW AVE,135TH ST AND GREEN BAY AVE
166,E 136TH ST AND BUFFALO AVE,136TH ST AND MACKINAW AVE
167,E 136TH ST AND MACKINAW AVE,136TH ST AND GREEN BAY AVE
168,E 88TH ST AND BUFFALO AVE,88TH ST AND MACKINAW AVE
169,E 88TH ST AND BURLEY AVE,88TH ST AND BUFFALO AVE
170,E 90TH ST AND ESCANABA AVE,90TH ST AND EXCHANGE AVE
171,E 90TH ST AND MUSKEGON AVE,90TH ST AND ESCANABA AVE
172,E 97TH ST AND HOUSTON AVE,97TH ST AND BALTIMORE AVE
173,E 99TH ST AND COMMERCIAL AVE,99TH ST AND HOUSTON AVE
174,13200 S AVENUE L,S AVENUE L AND 133RD ST
175,13037 S AVENUE M AVE,S AVENUE M AVE AND 131ST ST
176,S AVENUE S AVE AND 100TH ST,S AVENUE S AVE AND 101ST ST
177,S AVENUE S AVE AND 102ND ST,S AVENUE S AVE AND 103RD ST
178,S AVENUE S AVE AND 116TH ST,S AVENUE S AVE AND 117TH ST
179,S AVENUE S AVE AND CHICAGO SKYWAY,S AVENUE S AVE AND 100TH ST
180,S BALTIMORE AVE AND 95TH ST,S BALTIMORE AVE AND CHICAGO SKYWAY
181,S BALTIMORE AVE AND 96TH ST,S BALTIMORE AVE AND 97TH ST
182,S BALTIMORE AVE AND CHICAGO SKYWAY,S BALTIMORE AVE AND 96TH ST
183,S BRANDON AVE AND 85TH ST,8516 S BRANDON AVE
184,S BUFFALO AVE AND 108TH ST,S BUFFALO AVE AND 109TH ST
185,S BUFFALO AVE AND 136TH ST,S BUFFALO AVE AND BRAINARD AVE
186,S BURLEY AVE AND 107TH ST,S BURLEY AVE AND 108TH ST
187,S BURLEY AVE AND 108TH ST,S BURLEY AVE AND 109TH ST
188,S BURLEY AVE AND 131ST ST,S BURLEY AVE AND 132ND ST
189,S CARONDOLET AVE AND 126TH ST,S CARONDOLET AVE AND 127TH ST
190,S CARONDOLET AVE AND 127TH ST,12832 S CARONDOLET AVE
191,S ESCANABA AVE AND 100TH ST,S ESCANABA AVE AND 101ST ST
192,S ESCANABA AVE AND 101ST ST,S ESCANABA AVE AND 102ND ST
193,S ESCANABA AVE AND 102ND ST,S ESCANABA AVE AND 103RD ST
194,S GREEN BAY AVE AND 133RD ST,S GREEN BAY AVE AND 134TH ST
195,S GREEN BAY AVE AND 134TH ST,S GREEN BAY AVE AND 135TH ST
196,S GREEN BAY AVE AND 135TH ST,13558 S GREEN  BAY AVE
197,S HOXIE AVE AND 109TH ST,10924 S HOXIE AVE
198,S MACKINAW AVE AND 110TH ST,S MACKINAW AVE AND 111TH ST
199,S MACKINAW AVE AND 111TH ST,S MACKINAW AVE AND 112TH ST
200,S MACKINAW AVE AND 112TH ST,S MACKINAW AVE AND 113TH ST
201,S MACKINAW AVE AND 113TH ST,S MACKINAW AVE AND 114TH ST
202,S MACKINAW AVE AND 8228 S,S MACKINAW AVE AND 83RD ST
203,S MANISTEE AVE AND 10300 S,S MANISTEE AVE AND 104TH ST
204,S MUSKEGON AVE AND 103RD ST,S MUSKEGON AVE AND 104TH ST
205,S MUSKEGON AVE AND 100TH ST,S MUSKEGON AVE AND 101ST ST
206,W 33RD ST AND JUSTINE ST,W 33RD ST AND ASHLAND AVE
207,W 34TH ST AND IRON ST,W 34TH ST AND JUSTINE ST
208,W 34TH ST AND JUSTINE ST,W 34TH ST AND ASHLAND AVE
209,S BELL AVE AND 35TH ST,3512 S BELL AVE
210,S BENSON ST AND 31ST PL,S BENSON ST AND 32ND ST
211,S BENSON ST AND 32ND ST,S BENSON ST AND 32ND PL
212,S BLAKE ST AND ARCHER AVE,3638 S BLAKE ST
213,2900 S BROAD ST,S BROAD ST AND ARCHER AVE
214,S CANAL ST AND 39TH ST,3940 S CANAL ST
215,S HOEY ST AND MARY ST,S HOEY ST AND POPLAR AVE
216,S IRON ST AND 3300 S,S IRON ST AND 34TH ST
217,S MARY ST AND ARCHER AVE,S MARY ST AND HOEY ST
218,2900 S MC DERMOTT ST AND,S MC DERMOTT ST AND ARCHER AVE
219,2500 S SENOUR AVE,S SENOUR AVE AND OB STEVENSON EXPY
220,S SENOUR AVE AND HILLOCK AVE,2500 S SENOUR AVE
221,S SHORT ST AND ELEANOR ST,S SHORT ST AND HILLOCK AVE
222,S STEWART AVE AND 44TH PL,S STEWART AVE AND 43RD PL
223,27TH ST AND TROY ST,27TH ST AND SACRAMENTO AVE
224,W 30TH ST AND ALBANY AVE,W 30TH ST AND TROY ST
225,W 30TH ST AND TROY ST,W 30TH ST AND KEDZIE AVE
226,W 35TH ST AND CALIFORNIA AVE,W 35TH ST AND MOZART ST
227,2900 W 35TH ST,2926 W 35TH ST 
228,W 35TH ST AND MOZART ST,W 35TH ST AND FRANCISCO AVE
229,W 36TH PL AND KEDZIE AVE,W 3214 W 36TH PL 
230,W 36TH ST AND KEDZIE AVE,W 3332 W 36TH ST 
231,W 41ST ST AND OAKLEY AVE,W 41ST ST AND WESTERN BLVD
232,W 45TH ST AND OAKLEY AVE,W 45TH ST AND WESTERN BLVD
233,2300 W 47TH PL,W 47TH PL AND WESTERN BLVD
234,2200 W 48TH PL,W 48TH PL AND OAKLEY AVE
235,S ALBANY AVE AND 30TH ST,S ALBANY AVE AND 31ST ST
236,S ARTESIAN AVE AND 35TH ST,S ARTESIAN AVE AND 36TH ST
237,S ARTESIAN AVE AND ARCHER AVE,S ARTESIAN AVE AND PERSHING RD
238,S CAMPBELL AVE AND 48TH ST,4828 S CAMPBELL AVE 
239,3600 S HOMAN AVE,S HOMAN AVE AND 37TH ST
240,S HOYT AVE AND BROSS AVE,S HOYT AVE AND 33RD ST
241,S OAKLEY AVE AND 41ST ST,S OAKLEY AVE AND 42ND ST
242,S RICHMOND ST AND 36TH ST,S RICHMOND ST AND 35TH ST
243,S WHIPPLE ST AND 26TH ST,S WHIPPLE ST AND 27TH ST
244,CENTRAL S PARK AVE AND 60TH PL,CENTRAL S PARK AVE AND 61ST ST
245,CENTRAL S PARK AVE AND 60TH ST,CENTRAL S PARK AVE AND 60TH PL
246,CENTRAL S PARK AVE AND 61ST ST,CENTRAL S PARK AVE AND 62ND ST
247,CENTRAL S PARK AVE AND 62ND PL,CENTRAL S PARK AVE AND 63RD ST
248,CENTRAL S PARK AVE AND 62ND PL,CENTRAL S PARK AVE AND 62ND ST
249,KEATING AND S 42ND ST,KEATING AND 43RD ST
250,S KILPATRICK AVE AND 42ND ST,S KILPATRICK AVE AND 43RD ST
251,S KNOX AVE AND 42ND ST,S KNOX AVE AND 43RD ST
252,W 62ND ST AND HOYNE AVE,W 62ND ST AND SEELEY AVE
253,W 62ND ST AND SEELEY AVE,W 62ND ST AND DAMEN AVE
254,S HAMILTON AVE AND 67TH ST,S HAMILTON AVE AND 68TH ST
255,S HERMITAGE AVE AND 58TH ST,5818 S HERMITAGE AVE 
256,S HOYNE AVE AND 62ND ST,S HOYNE AVE AND 63RD ST
257,S MARSHFIELD AVE AND 58TH ST,5818 S MARSHFIELD AVE 
258,W 49TH ST AND HOYNE AVE,2158 W 49TH ST
259,W 51ST PL AND 2200 W,W 51ST PL AND OAKLEY AVE
260,W 57TH ST AND ROCKWELL ST,W 57TH ST AND TALMAN AVE
261,W 57TH ST AND TALMAN AVE,W 57TH ST AND WASHTENAW AVE
262,2200 W 58TH ST,W 58TH ST AND OAKLEY AVE
263,5214 S HOYNE AVE,S HOYNE AVE AND 52ND PL
264,W JAMES ST AND HOYNE AVE,W 2110 W JAMES ST 
265,S LEAVITT ST AND 54TH PL,S LEAVITT ST AND GARFIELD BLVD
266,S LEAVITT ST AND 5400 S,S LEAVITT ST AND 54TH PL
267,S WASHTENAW AVE AND 56TH ST,S WASHTENAW AVE AND 57TH ST
268,W 72ND ST AND SEELEY AVE,W 72ND ST AND HOYNE AVE
269,W 73RD ST AND DAMEN AVE,W 73RD ST AND HOYNE AVE
270,W 73RD ST AND STEWART AVE,W 402 W 73RD ST 
271,W 74TH ST AND DAMEN AVE,W 74TH ST AND SEELEY AVE
272,W 74TH ST AND HOYNE AVE,W 2128 W 74TH ST 
273,W 74TH ST AND SEELEY AVE,W 74TH ST AND HOYNE AVE
274,W 77TH ST AND PERRY AVE,W 77TH ST AND WENTWORTH AVE
275,W 77TH ST AND WENTWORTH AVE,W 77TH ST AND YALE AVE
276,W 77TH ST AND YALE AVE,W 77TH ST AND VINCENNES AVE
277,S HAMILTON AVE AND 69TH PL,S HAMILTON AVE AND 69TH ST
278,S HAMILTON AVE AND 69TH PL,S HAMILTON AVE AND 70TH ST
279,S HAMILTON AVE AND 70TH PL,S HAMILTON AVE AND 70TH ST
280,S HAMILTON AVE AND 70TH PL,S HAMILTON AVE AND 71ST ST
281,7500 S LAFLIN ST,S LAFLIN ST AND 76TH ST
282,W 74TH ST AND ALBANY AVE,W 74TH ST AND TROY ST
283,W 74TH ST AND FRANCISCO AVE,W 74TH ST AND RICHMOND ST
284,2833 W 74TH ST,W 2859 W 74TH ST 
285,W 76TH ST AND ARTESIAN AVE,W 76TH ST AND CAMPBELL AVE
286,W 76TH ST AND CAMPBELL AVE,W 76TH ST AND MAPLEWOOD AVE
287,W 76TH ST AND CLAREMONT AVE,W 76TH ST AND WESTERN AVE
288,W 76TH ST AND WESTERN AVE,W 76TH ST AND ARTESIAN AVE
289,W 84TH PL AND COLUMBUS AVE,W 3730 W 84TH PL 
290,CENTRAL S PARK AVE AND 75TH ST,CENTRAL S PARK AVE AND 75TH PL
291,W MYRICK ST AND HAMLIN AVE,W MYRICK ST AND SPRINGFIELD AVE
292,W MYRICK ST AND RIDGEWAY AVE,W MYRICK ST AND HAMLIN AVE
293,ST S LOUIS AVE AND 81ST PL,8154 S ST LOUIS AVE
294,S WHIPPLE ST AND 73RD ST,S WHIPPLE ST AND 74TH ST
295,W 101ST ST AND WOOD ST,W 101ST ST AND LONGWOOD
296,S 104TH ST AND HALE AVE,S 104TH ST AND WOOD ST
297,W 104TH ST AND 2648 W,2662 W 104TH ST
298,W 105TH ST AND TRUMBULL AVE,W 105TH ST AND DRAKE AVE
299,W 106TH ST AND FAIRFIELD AVE,W 106TH ST AND CALIFORNIA AVE
300,W 106TH ST AND KEDZIE AVE,W 106TH ST AND SAWYER AVE
301,W 106TH ST AND SAWYER AVE,W 106TH ST AND SPAULDING AVE
302,W 106TH ST AND SEELEY AVE,W 106TH ST AND HOYNE AVE
303,W 106TH ST AND SPAULDING AVE,W 106TH ST AND CHRISTIANA AVE
304,W 106TH ST AND TALMAN AVE,W 106TH ST AND FAIRFIELD AVE
305,W 107TH ST AND KEDZIE AVE,W 107TH ST AND SAWYER AVE
306,W 107TH ST AND SAWYER AVE,W 107TH ST AND SPAULDING AVE
307,W 108TH ST AND ARTESIAN AV,W 108TH ST AND CAMPBELL AVE
308,W 108TH ST AND CAMPBELL AVE,W 108TH ST AND MAPLEWOOD AVE
309,W 108TH ST AND MAPLEWOOD AVE,W 108TH ST AND ROCKWELL ST
310,W 109TH ST AND VINCENNES AVE,W 109TH ST AND ASHLAND AVE
311,W 110TH ST AND WESTERN AVE,W 110TH ST AND ARTESIAN AVE
312,W 112TH ST AND ALBANY AVE,W 112TH ST AND TROY ST
313,W 112TH ST AND SACRAMENTO AVE,W 112TH ST AND WHIPPLE ST
314,W 112TH ST AND TROY ST,W 112TH ST AND KEDZIE AVE
315,W 112TH ST AND WHIPPLE ST,W 112TH ST AND ALBANY AVE
316,W 113TH ST AND SACRAMENTO AVE,W 113TH ST AND WHIPPLE ST
317,W 113TH ST AND WHIPPLE ST,W 113TH ST AND ALBANY AVE
318,2018 W 116TH ST,W 116TH ST AND HALE AVE
319,W 89TH ST AND HAMILTON AVE,W 89TH ST AND LEAVITT ST
320,W 90TH ST AND DAMEN AVE,W 90TH ST AND HOYNE AVE
321,W 90TH ST AND HOYNE AVE,W 90TH ST AND HAMILTON AVE
322,W 90TH ST AND HAMILTON AVE,W 90TH ST AND LEAVITT ST
323,W 92ND PL AND BELL AVE,W 92ND PL AND OAKLEY AVE
324,W 92ND PL AND CLAREMONT AVE,W 92ND PL AND WESTERN AVE
325,W 92ND PL AND LEAVITT ST,W 92ND PL AND BELL AVE
326,W 92ND PL AND OAKLEY AVE,W 92ND PL AND CLAREMONT AVE
327,W 92ND ST AND HAMILTON AVE,W 92ND ST AND LEAVITT ST
328,1722 W 93RD ST,W 1744 W 93RD ST 
329,W 94TH ST AND BELL AVE,W 94TH ST AND OAKLEY AVE
330,W 94TH ST AND HAMILTON AVE,W 94TH ST AND LEAVITT ST
331,W 94TH ST AND HOYNE AVE,W 94TH ST AND HAMILTON AVE
332,W 94TH ST AND LEAVITT ST,W 94TH ST AND BELL AVE
333,W 94TH ST AND OAKLEY AVE,W 94TH ST AND CLAREMONT AVE
334,W 97TH ST AND CLAREMONT AVE,W 97TH ST AND WESTERN AVE
335,W 97TH ST AND LEAVITT ST,W 97TH ST AND BELL AVE
336,W 98TH ST AND LEAVITT ST,W 98TH ST AND BELL AVE
337,S ASHLAND AVE AND 108TH PL,S ASHLAND AVE AND 109TH ST
338,S ASHLAND AVE AND 109TH ST,S ASHLAND AVE AND 109TH PL
339,10300 S CALIFORNIA AVE,10400 S CALIFORNIA AVE 
340,W EDMAIRE ST AND LONGWOOD DR,W EDMAIRE ST AND HOMEWOOD AVE
341,S FAIRFIELD AVE AND 107TH ST,S FAIRFIELD AVE AND 108TH ST
342,S HALE AVE AND 111TH ST,S HALE AVE AND EDMAIRE ST
343,S HARDING AVE AND 104TH PL,10452 S HARDING AVE 
344,W HOPKINS PL AND LONGWOOD DR,W HOPKINS PL AND PLEASANT AVE
345,W HOWLAND AVE AND LONGWOOD DR,W HOWLAND AVE AND PLEASANT AVE
346,W HUNT AVE AND LONGWOOD DR,W HUNT AVE AND PLEASANT AVE
347,8800 S LEAVITT ST,S LEAVITT ST AND 89TH ST
348,S LEAVITT ST AND 89TH ST,8930 S LEAVITT ST 
349,S LONGWOOD DR AND 87TH ST,S LONGWOOD DR AND HOWLAND AVE
350,S LONGWOOD DR AND HOWLAND AVE,S LONGWOOD DR AND HUNT AVE
351,S LONGWOOD DR AND HUNT AVE,S LONGWOOD DR AND HOPKINS PL
352,10100 S WALDEN PKWY,10300 S WALDEN PKWY 
353,S WALDEN PKWY AND 105TH ST,S WALDEN PKWY AND 107TH ST
354,W 49TH PL AND PEORIA ST,W 49TH PL AND MORGAN ST
355,E 66TH PL AND HARTWELL AVE,66TH PL AND INDIANA AVE
356,E 66TH PL AND MICHIGAN AVE,66TH PL AND HARTWELL AVE
357,E 66TH PL AND STATE ST,66TH PL AND WABASH AVE
358,E 66TH PL AND WABASH AVE,66TH PL AND MICHIGAN AVE
359,S MAY ST AND 48TH ST,S MAY ST AND 49TH ST
360,S PERRY AVE AND 60TH ST,S PERRY AVE AND 61ST ST
361,S STEWART AVE AND 59TH ST,S STEWART AVE AND 60TH ST
362,S STEWART AVE AND 60TH PL,S STEWART AVE AND 61ST ST
363,S STEWART AVE AND 60TH ST,S STEWART AVE AND 60TH PL
364,W 82ND ST AND VINCENNES AVE,558 W 82ND ST
365,W 83RD ST AND WALLACE AVE,W 83RD ST AND BIRKHOFF AVE
366,W 84TH ST AND WENTWORTH AVE,W 84TH ST AND LAFAYETTE AVE
367,W 86TH ST AND WALLACE ST,W 86TH ST AND PARNELL AVE
368,W 88TH ST AND BEVERLY BLVD,88TH ST AND W WINCHESTER AVE
369,W 89TH ST AND GENOA AVE,W 862 W 89TH ST 
370,W 89TH ST AND GREEN ST,W 89TH ST AND GENOA AVE
371,W 89TH ST AND HALSTED ST,W 89TH ST AND GREEN ST
372,W 89TH ST AND HOLLAND RD,W 89TH ST AND PRINCETON AVE
373,W 89TH ST AND PRINCETON AVE,W 328 W 89TH ST 
374,S 89TH ST AND RACINE AVE,S 89TH ST AND MORGAN ST
375,800 W 90TH ST AND,862 W 90TH ST
376,W 91ST ST AND EGGLESTON AVE,W 91ST ST AND NORMAL AVE
377,W 91ST ST AND HALSTED ST,W 91ST ST AND GREEN ST
378,W 91ST ST AND HOLLAND RD,W 91ST ST AND PERRY AVE
379,W 91ST ST AND PERRY AVE,W 91ST ST AND WENTWORTH AVE
380,W 92ND ST AND EGGLESTON AVE,W 92ND ST AND NORMAL AVE
381,W 93RD ST AND NORMAL AVE,W 93RD ST AND EGGLESTON AVE
382,W 93RD ST AND WENTWORTH AVE,W 93RD ST AND LASALLE ST
383,W 94TH ST AND EGGLESTON AVE,W 94TH ST AND NORMAL AVE
384,W 94TH ST AND MORGAN ST,W 94TH ST AND GENOA AVE
385,W 98TH ST AND GENOA AVE,W 1128 W 98TH ST 
386,W 105TH ST AND THROOP ST,W 105TH ST AND ELIZABETH ST
387,S EGGLESTON AVE AND 90TH ST,9034 S EGGLESTON AVE 
388,9036 S EGGLESTON AVE,S EGGLESTON AVE AND 91ST ST
389,S GENOA AVE AND 87TH ST,S GENOA AVE AND 88TH ST
390,S GENOA AVE AND 88TH ST,S GENOA AVE AND 89TH ST
391,S GENOA AVE AND 89TH ST,9000 S GENOA AVE 
392,S GREEN ST AND 89TH ST,S GREEN ST AND 90TH ST
393,9036 S GREEN ST,S GREEN ST AND 91ST ST
394,S HOLLAND RD AND PRINCETON AV,S HOLLAND RD AND 89TH ST
395,8900 S HOLLAND RD,9074 S HOLLAND RD 
396,10400 S THROOP ST,10424 S THROOP ST 
397,S WALLACE ST AND 81ST ST,S WALLACE ST AND 83RD ST
398,S WENTWORTH AVE AND 83RD ST,S WENTWORTH AVE AND 84TH ST
399,W 24TH PL AND KEELER AVE,W 4334 W 24TH PL 
400,4500 W 30TH ST,W 4536 W 30TH ST 
401,W 32ND ST AND KARLOV AVE,W 32ND ST AND KEDVALE AVE
402,W 32ND ST AND KEDVALE AVE,W 32ND ST AND KEELER AVE
403,W 32ND ST AND PULASKI RD,W 32ND ST AND KOMENSKY AVE
404,W 32ND ST AND PULASKI RD,W 32ND ST AND KARLOV AVE
405,W 33RD ST AND PULASKI RD,W 3700 W 33RD ST 
406,2344 S HARDING AVE,S HARDING AVE AND 24TH ST
407,2740 S KILBOURN AVE,S KILBOURN AVE AND 28TH ST
408,S KOLIN AVE AND 24TH PL,S KOLIN AVE AND 25TH ST
409,SPAULDING AND 30TH ST,SPAULDING AND 31ST ST
410,W 51ST ST AND KILBOURN AVE,W 51ST ST AND KOLMAR AVE
411,W 51ST ST AND KOLMAR AVE,W 4550 W 51ST ST 
412,W 51ST ST AND NEW ENGLAND AVE,W 51ST ST AND NEWLAND AVE
413,W 51ST ST AND NEWCASTLE AVE,W 51ST ST AND NEW ENGLAND AVE
414,W 51ST ST AND NEWLAND AVE,W 51ST ST AND SAYRE AVE
415,W 51ST ST AND NORMANDY AVE,W 51ST ST AND RUTHERFORD AVE
416,6800 W 51ST ST,W 6824 W 51ST ST 
417,6732 W 51ST ST,W 6758 W 51ST ST 
418,S KOLMAR AVE AND 51ST ST,S KOLMAR AVE AND ARCHER AVE
419,S LOTUS AVE AND ARCHER AVE,5312 S LOTUS AVE 
420,5946 S MOBILE AVE,S MOBILE AVE AND 60TH ST
421,5954 S NATCHEZ AVE,S NATCHEZ AVE AND 60TH ST
422,S SAYRE AVE AND 62ND ST,S SAYRE AVE AND 62ND PL
423,W 17TH ST AND 4240 W,W 17TH ST AND KILDARE AVE
424,W 18TH PL AND 4310 W,W 18TH PL AND KOSTNER AVE
425,4346 W GRENSHAW ST,W GRENSHAW ST AND KOSTNER AVE
426,S KILBOURN AVE AND FIFTH AVE,1024 S KILBOURN AVE 
427,S LAMON AVE AND ARTHINGTON ST,S LAMON AVE AND FIFTH AVE
428,2130 S SAWYER AVE,S SAWYER AVE AND CERMAK RD
429,W TAYLOR ST AND KEELER AVE,W TAYLOR ST AND KILDARE AVE
430,W 16TH ST AND WOLCOTT AV,W 16TH ST AND WOOD
431,W 17TH ST AND STEWART AVE,W 17TH ST AND CANAL ST
432,W 23RD ST AND HALSTED ST,W 854 W 23RD ST 
433,W CULLERTON ST AND WESTERN AVE,W 2440 W CULLERTON ST 
434,1704 S HAMILTON AVE,S HAMILTON AVE AND 18TH ST
435,S HOYNE AVE AND BLUE ISLAND AVE,2648 S HOYNE AVE 
436,S SANGAMON ST AND 19TH PL,S SANGAMON ST AND CULLERTON ST
437,S SANGAMON ST AND 19TH ST,S SANGAMON ST AND 19TH PL
438,2000 S STEWART AVE,S STEWART AVE AND GROVE ST
439,S WENTWORTH AVE AND 18TH ST,S WENTWORTH AVE AND CULLERTON ST
440,N CLAREMONT AVE AND HUBBARD ST,N CLAREMONT AVE AND FERDINAND ST
441,W FERDINAND ST AND ASHLAND AVE,W FERDINAND ST AND PAULINA ST
442,W FERDINAND ST AND HERMITAGE AVE,W FERDINAND ST AND WOOD ST
443,W FERDINAND ST AND OAKLEY BLVD,W FERDINAND ST AND CLAREMONT AVE
444,W FERDINAND ST AND PAULINA ST,W FERDINAND ST AND HERMITAGE AVE
445,W FERDINAND ST AND WOOD ST,W FERDINAND ST AND WOLCOTT AVE
446,W HIRSCH ST AND CENTRAL PARK AVE,W HIRSCH ST AND MONTICELLO AVE
447,3558 W GOVERNORS PKWY,W GOVERNORS PKWY AND DRAKE AVE
448,W GOVERNORS PKWY AND HOMAN AVE,W GOVERNORS PKWY AND TRUMBULL AVE
449,W GOVERNORS PKWY AND ST. LOUIS AVE,W GOVERNORS PKWY AND DRAKE AVE
450,W GOVERNORS PKWY AND TRUMBULL AVE,W GOVERNORS PKWY AND ST. LOUIS AVE
451,3340 W IOWA ST,W IOWA ST AND HOMAN AVE
452,N KINGSBURY ST AND HOBBIE ST,N KINGSBURY ST AND HALSTED ST
453,N PEORIA ST AND CHICAGO AVE,N PEORIA ST AND FRY ST
454,3340 W RICE ST,W RICE ST AND HOMAN AVE
455,724 W WALNUT ST,W WALNUT ST AND HALSTED ST
456,W WALNUT ST AND DESPLAINES ST,W WALNUT ST AND UNION AVE
457,W 14TH PL AND ROCKWELL ST,W 14TH PL AND TALMAN AVE
458,W 14TH ST AND WASHTENAW AVE,W 14TH ST AND FAIRFIELD AVE
459,N HARDING AVE AND LAKE ST,346 N HARDING AVE 
460,N HARDING AVE AND MAYPOLE AVE,N HARDING AVE AND LAKE ST
461,N KENTON AVE AND CARROLL AVE,N KENTON AVE AND KINZIE ST
462,N KENTON AVE AND ERIE ST,N KENTON AVE AND HURON ST
463,N KENTON AVE AND FULTON ST,N KENTON AVE AND LAKE ST
464,N KENTON AVE AND HURON ST,N KENTON AVE AND SUPERIOR ST
465,N KENTON AVE AND LAKE ST,N KENTON AVE AND CARROLL AVE
466,N KENTON AVE AND MADISON ST,N KENTON AVE AND WASHINGTON BLVD
467,N KENTON AVE AND MAYPOLE AVE,N KENTON AVE AND FULTON ST
468,N KENTON AVE AND OHIO ST,N KENTON AVE AND ERIE ST
469,N KENTON AVE AND SUPERIOR ST,N KENTON AVE AND CHICAGO AVE
470,N KENTON AVE AND WASHINGTON ST,N KENTON AVE AND WEST END AVE
471,N KENTON AVE AND WEST END AVE,N KENTON AVE AND MAYPOLE AVE
472,W KINZIE ST AND KILPATRICK AVE,W KINZIE ST AND CICERO AVE
473,S TALMAN AVE AND 14TH PL,S TALMAN AVE AND 15TH ST
474,S TALMAN AVE AND OGDEN SD,S TALMAN AVE AND 14TH PL
475,4610 W WALNUT ST,W WALNUT ST AND KILPATRICK AVE
476,6246 W ARMITAGE AVE,W ARMITAGE AVE AND MOBILE AVE
477,W CORTLAND ST AND MERRIMAC AVE,W CORTLAND ST AND MOBILE AVE
478,W CORTLAND ST AND MOBILE AVE,W CORTLAND ST AND MULLIGAN AVE
479,W CORTLAND ST AND MULLIGAN AVE,W CORTLAND ST AND NARRAGANSETT AVE
480,N MCVICKER AVE AND BLOOMINGDALE AVE,N MCVICKER AVE AND CORTLAND ST
481,N MOBILE AVE AND ARMITAGE AVE,N MOBILE AVE AND DICKENS AVE
482,W NELSON ST AND MEADE AVE,W NELSON ST AND MELVINA AVE
483,3944 W MCLEAN AVE,W MCLEAN AVE AND PULASKI RD
484,W SCHOOL ST AND KILBOURN AVE,W SCHOOL ST AND KOLMAR AVE
485,W SCHOOL ST AND KILPATRICK AVE,W 4600 W SCHOOL ST 
486,W SHAKESPEARE AVE AND SPRINGFIELD AVE,W 3918 W SHAKESPEARE AVE 
487,3100 N KENOSHA AVE,N KENOSHA AVE AND BELMONT AVE
488,N KENTON AVE AND ALTGELD ST,N KENTON AVE AND DEMING PL
489,N KENTON AVE AND DEMING PL,N KENTON AVE AND WRIGHTWOOD AVE
490,N KENTON AVE AND FULLERTON AVE,N KENTON AVE AND MONTANA ST
491,N KENTON AVE AND MONTANA ST,N KENTON AVE AND ALTGELD ST
492,N KENTON AVE AND SCHUBERT AVE,N KENTON AVE AND DIVERSEY AVE
493,N KENTON AVE AND WRIGHTWOOD AVE,N KENTON AVE AND SCHUBERT AVE
494,4330 W MELROSE ST,W MELROSE ST AND KOSTNER AVE
495,4342 W SCHOOL ST,W SCHOOL ST AND KOSTNER AVE
496,2450 N LEAVITT ST,N LEAVITT ST AND ELSTON AVE
497,N RAVENSWOOD AVE AND BARRY AVE,N RAVENSWOOD AVE AND FLETCHER ST
498,N RAVENSWOOD AVE AND BELMONT AVE,N RAVENSWOOD AVE AND MELROSE ST
499,N RAVENSWOOD AVE AND FLETCHER ST,N RAVENSWOOD AVE AND BELMONT AVE
500,N RAVENSWOOD AVE AND HENDERSON ST,N RAVENSWOOD AVE AND ROSCOE ST
501,N RAVENSWOOD AVE AND MELROSE ST,N RAVENSWOOD AVE AND SCHOOL ST
502,N RAVENSWOOD AVE AND NELSON ST,N RAVENSWOOD AVE AND BARRY AVE
503,N RAVENSWOOD AVE AND NEWPORT AVE,N RAVENSWOOD AVE AND CORNELIA AVE
504,N RAVENSWOOD AVE AND ROSCOE ST,N RAVENSWOOD AVE AND NEWPORT AVE
505,N RAVENSWOOD AVE AND SCHOOL ST,N RAVENSWOOD AVE AND HENDERSON ST
506,N RAVENSWOOD AVE AND WELLINGTON AVE,N RAVENSWOOD AVE AND NELSON ST
507,N WOLCOTT AVE AND FULLERTON AVE,2412 N WOLCOTT AVE 
508,N WASHTENAW AVE AND MELROSE ST,3240 N WASHTENAW AVE 
509,W 100TH ST AND PEORIA AVE,W 100TH ST AND HALSTED ST
510,W 108TH ST AND GLENROY AV,W 108TH ST AND BISHOP ST
511,W 116TH ST AND HALSTED ST W,898 W W16TH ST 
512,W 116TH ST AND VINCENNES AVE,W 116TH ST AND CHURCH ST
513,W 116TH ST AND WATKINS AVE,W 116TH ST AND VINCENNES AVE
514,W 117TH ST AND HALSTED ST,W 832 W 117TH ST 
515,W 117TH ST AND VINCENNES AVE,W 1992 W 117TH ST 
516,W 118TH ST AND VINCENNES,W 1958 W 118TH ST 
517,W 122ND ST AND LOOMIS ST,W 122ND ST AND BISHOP ST
518,W 122ND ST AND PEORIA ST,W 122ND ST AND SANGAMON ST
519,W 122ND ST AND SANGAMON ST,W 122ND ST AND MORGAN ST
520,S LAFLIN ST AND 122ND ST,12242 S LAFLIN ST 
521,S LOOMIS ST AND 120TH ST,S LOOMIS ST AND 121ST ST
522,S LOOMIS ST AND 121ST ST,12118 S LOOMIS ST 
523,S PARNELL AVE AND 104TH ST,10420 S PARNELL AVE 
524,S STEWART AVE AND 111TH ST,S STEWART AVE AND 112TH ST
525,12100 S UNION AVE,S UNION AVE AND 122ND ST
526,N NASHVILLE AVE AND ARMITAGE AVE,N NASHVILLE AVE AND CORTLAND ST
527,N NORMANDY AVE AND WRIGHTWOOD AVE,N NORMANDY AVE AND SCHUBERT AVE
528,W CORTEZ ST AND KILBOURN AVE,W CORTEZ ST AND KOLMAR AVE
529,W BRYN MAWR AVE AND KENNETH AVE,W BRYN MAWR AVE AND KILBOURN AVE
530,W BRYN MAWR AVE AND KENTON AVE,W BRYN MAWR AVE AND KNOX AVE
531,W BRYN MAWR AVE AND KILBOURN AVE,W BRYN MAWR AVE AND KOLMAR AVE
532,W BRYN MAWR AVE AND KNOX AVE,4600 W BRYN MAWR AVE 
533,W BRYN MAWR AVE AND KOLMAR AVE,W BRYN MAWR AVE AND KENTON AVE
534,W BRYN MAWR AVE AND KOSTNER AVE,W BRYN MAWR AVE AND KENNETH AVE
535,N FOREST GLEN AVE AND CICERO AVE,N FOREST GLEN AVE AND KEATING AVE
536,N HIAWATHA AVE AND CICERO AVE,6218 N HIAWATHA AVE 
537,W HOLLYWOOD AVE AND KOSTNER AVE,W HOLLYWOOD AVE AND KENNETH AVE
538,N KARLOV AVE AND ARGYLE ST,5016 N KARLOV AVE 
539,N KENTON AVE AND BRYN MAWR AVE,N KENTON AVE AND ROGERS AVE
540,N KERCHEVAL AVE AND KINGSDALE AVE,N KERCHEVAL AVE AND FOREST GLEN AVE
541,N KERCHEVAL AVE AND KIRBY AVE,N KERCHEVAL AVE AND KINGSDALE AVE
542,N KERCHEVAL AVE AND KIRBY AVE,N KERCHEVAL AVE AND KERBS AV
543,N KEYSTONE AVE AND ARGYLE AVE,5016 N KEYSTONE AVE 
544,6104 N KEYSTONE AVE,N KEYSTONE AVE AND GLENLAKE AVE
545,N KILBOURN AVE AND BRYN MAWR AVE,N KILBOURN AVE AND HOLLYWOOD AVE
546,N KILBOURN AVE AND HOLLYWOOD AVE,N KILBOURN AVE AND ROGERS AVE
547,5728 N KINGSDALE AVE,N KINGSDALE AVE AND LACEY AVE
548,N KINGSDALE AVE AND KERCHEVAL AVE,N KINGSDALE AVE AND CALDWELL AVE
549,N KINGSDALE AVE AND LACEY AVE,N KINGSDALE AVE AND KERCHEVAL AVE
550,N KIRBY AVE AND KERCHEVAL AVE,N KIRBY AVE AND CALDWELL AVE
551,N KOLMAR AVE AND BRYN MAWR AVE,N KOLMAR AVE AND ROGERS AVE
552,5762 N LACEY AVE,N LACEY AVE AND KINGSDALE AVE
553,N ROGERS AVE AND KENTON AVE,N ROGERS AVE AND KILBOURN AVE
554,N ROGERS AVE AND KILBOURN AVE,N ROGERS AVE AND LOWELL AVE
555,N ROGERS AVE AND PULASKI RD,N ROGERS AVE AND HARDING AVE
556,GLEN LAKE AND CAMPBELL AVE,GLEN LAKE AND WESTERN
557,ROCKWELL AVE AND FOSTER AVE,5146 N ROCKWELL AVE 
558,W ALBION AVE AND HARLEM AVE,W ALBION AVE AND OCONTO AVE
559,7028 W ALBION AVE,W 6938 W ALBION AVE 
560,N ALGONQUIN AVE AND HIAWATHA AVE,N ALGONQUIN AVE AND SIOUX AVE
561,N ALGONQUIN AVE AND KINZUA AVE,N ALGONQUIN AVE AND TAHOMA AVE
562,N ALGONQUIN AVE AND SIOUX AVE,N ALGONQUIN AVE AND IONIA AVE
563,N ALGONQUIN AVE AND TAHOMA AVE,N ALGONQUIN AVE AND HIAWATHA AVE
564,W ARDMORE AVE AND OZARK AVE,W ARDMORE AVE AND CANFIELD AVE
565,N AVONDALE AVE AND COLUMBIA AVE,N AVONDALE AVE AND OZANAM AVE
566,W BRYN MAWR AVE AND CUMBERLAND AVE,W BRYN MAWR AVE AND FAIRVIEW AVE
567,7544 W CATALPA AVE,W CATALPA AVE AND ORIOLE AVE
568,N CHICORA AVE AND CALDWELL AVE,N CHICORA AVE AND LEOTI AVE
569,N CHICORA AVE AND KINZUA AVE,N CHICORA AVE AND IONIA AVE
570,5826 W ESTES AVE,W ESTES AVE AND MASON AVE
571,W ESTES AVE AND MASON AVE,W ESTES AVE AND IONIA AVE
572,W ESTES AVE AND MERRIMAC AVE,W ESTES AVE AND MOBILE AVE
573,W ESTES AVE AND MERRIMAC AVE,W ESTES AVE AND MELVINA AVE
574,5636 N FAIRVIEW AVE,5670 N FAIRVIEW AVE 
575,W FITCH AVE AND MASON AVE,W FITCH AVE AND IONIA AVE
576,W FITCH AVE AND MOBILE AVE,W FITCH AVE AND NAGLE AVE
577,W GREENLEAF AVE AND LEHIGH AVE,W 5830 W GREENLEAF AVE 
578,W GREENLEAF AVE AND MOBILE AVE,W GREENLEAF AVE AND CALDWELL AVE
579,W GREENLEAF AVE AND ODELL AVE,W 7360 W GREENLEAF AVE 
580,W HAYES AVE AND NEW CASTLE AVE,W HAYES AVE AND NEW ENGLAND AVE
581,W HAYES AVE AND NEW ENGLAND AVE,W HAYES AVE AND NEWARK AVE
582,W HAYES AVE AND NEWARK AVE,W HAYES AVE AND NEWLAND AVE
583,W HAYES AVE AND NEWLAND AVE,W HAYES AVE AND SAYRE AVE
584,W HAYES AVE AND SAYRE AVE,W HAYES AVE AND NORDICA AVE
585,N HIAWATHA AVE AND ALGONQUIN AVE,N HIAWATHA AVE AND WAUKESHA AVE
586,N HIAWATHA AVE AND CENTRAL AVE,N HIAWATHA AVE AND ALGONQUIN AVE
587,N HIAWATHA AVE AND CHICORA AVE,N HIAWATHA AVE AND KEOTA AVE
588,N HIAWATHA AVE AND JEAN AVE,N HIAWATHA AVE AND WILDWOOD AVE
589,N HIAWATHA AVE AND KEOTA AVE,N HIAWATHA AVE AND LOLETA AVE
590,N HIAWATHA AVE AND LEADER AVE,N HIAWATHA AVE AND LEGETT AVE
591,N HIAWATHA AVE AND LEHIGH AVE,N HIAWATHA AVE AND CHICORA AVE
592,N HIAWATHA AVE AND LIGHTFOOT AVE,N HIAWATHA AVE AND JEAN AVE
593,N HIAWATHA AVE AND LOLETA AVE,N HIAWATHA AVE AND LORON AVE
594,N HIAWATHA AVE AND LORON AVE,N HIAWATHA AVE AND LIGHTFOOT AVE
595,N HIAWATHA AVE AND MINNEHAHA AVE,N HIAWATHA AVE AND CENTRAL AVE
596,N HIAWATHA AVE AND SPOKANE AVE,N HIAWATHA AVE AND MINNEHAHA AVE
597,N HIAWATHA AVE AND TONTY AVE,N HIAWATHA AVE AND MENDOTA AVE
598,N HIAWATHA AVE AND WAUKESHA AVE,N HIAWATHA AVE AND KINZUA AVE
599,N HIAWATHA AVE AND WILDWOOD AVE,N HIAWATHA AVE AND TONTY AVE
600,N IONIA AVE AND FITCH AVE,N IONIA AVE AND MONON AVE
601,N IONIA AVE AND LEMAI AV,N IONIA AVE AND NAVAJO AVE
602,N IONIA AVE AND MENDOTA AVE,N IONIA AVE AND MONON AVE
603,N IONIA AVE AND MINNEHAHA AVE,N IONIA AVE AND CENTRAL AVE
604,N IONIA AVE AND NAVAJO AVE,N IONIA AVE AND NOKOMIS AVE
605,N IONIA AVE AND NOKOMIS AVE,N IONIA AVE AND SPOKANE AVE
606,N IONIA AVE AND SPOKANE AVE,N IONIA AVE AND MINNEHAHA AVE
607,N IONIA AVE AND TONTY AVE,N IONIA AVE AND JEAN AVE
608,N IONIA AVE AND TONTY AVE,N IONIA AVE AND MENDOTA AVE
609,7164 N IONIA AVE,7136 N IONIA AVE 
610,N JEAN AVE AND CALDWELL AVE,N JEAN AVE AND LEOTI AVE
611,N JEAN AVE AND HIAWATHA AVE,N JEAN AVE AND LEOTI AVE
612,N JEAN AVE AND HIAWATHA AVE,N JEAN AVE AND IONIA AVE
613,N JEAN AVE AND IONIA AVE,N JEAN AVE AND LEHIGH AVE
614,N KEOTA AVE AND CALDWELL AVE,N KEOTA AVE AND LEOTI AVE
615,N KEOTA AVE AND HIAWATHA AVE,N KEOTA AVE AND LEHIGH AVE
616,N KEOTA AVE AND LEOTI AVE,N KEOTA AVE AND HIAWATHA AVE
617,N KINZUA AVE AND HIAWATHA AVE,N KINZUA AVE AND SIOUX AVE
618,N KINZUA AVE AND TAHOMA AVE,N KINZUA AVE AND WAUKESHA AVE
619,6400 N LEOTI AVE,6468 N LEOTI AVE 
620,N LEOTI AVE AND CHICORA AVE,N LEOTI AVE AND KEOTA AVE
621,6772 N LEOTI AVE,6798 N LEOTI AVE 
622,N LEOTI AVE AND KEOTA AVE,N LEOTI AVE AND LOLETA AVE
623,N LEOTI AVE AND LE MAI AVE,N LEOTI AVE AND NAVAJO AVE
624,N LEOTI AVE AND LIGHTFOOT AVE,N LEOTI AVE AND JEAN AVE
625,N LEOTI AVE AND LOLETA AVE,N LEOTI AVE AND LORON AVE
626,N LEOTI AVE AND LORON AVE,N LEOTI AVE AND LIGHTFOOT AVE
627,N LEOTI AVE AND MANKATO AVE,N LEOTI AVE AND MERRIMAC AVE
628,N LEOTI AVE AND N MCALPIN AVE,N LEOTI AVE AND MANKATO AVE
629,N LEOTI AVE AND MINNETONKA AVE,N LEOTI AVE AND WAUKESHA AVE
630,N LEOTI AVE AND MONON AVE,N LEOTI AVE AND N MCALPIN AVE
631,N LEOTI AVE AND NAVAJO AVE,N LEOTI AVE AND NOKOMIS AVE
632,N LEOTI AVE AND NOKMOIS AVE,N LEOTI AVE AND SPOKANE AVE
633,N LEOTI AVE AND PONCHARTRAIN BLVD,N LEOTI AVE AND CHICORA AVE
634,N LEOTI AVE AND TONTY AVE,N LEOTI AVE AND MENDOTA AVE
635,N LEOTI AVE AND WAUKESHA AVE,N LEOTI AVE AND PONCHARTRAIN BLVD
636,N LEOTI AVE AND WILDWOOD AVE,N LEOTI AVE AND TONTY AVE
637,N LIVERMORE AVE AND PRESCOTT AVE,N LIVERMORE AVE AND LOUISE AVE
638,N LOLETA AVE AND CALDWELL AVE,N LOLETA AVE AND LEOTI AVE
639,N LOLETA AVE AND HIAWATHA AVE,N LOLETA AVE AND LORON AVE
640,N LOLETA AVE AND LEOTI AVE,N LOLETA AVE AND HIAWATHA AVE
641,N LOLETA AVE AND LORON AVE,N LOLETA AVE AND LEHIGH AVE
642,N LORON AVE AND CALDWELL AVE,N LORON AVE AND LEOTI AVE
643,N LORON AVE AND LEOTI AVE,N LORON AVE AND HIAWATHA AVE
644,N LOUISE AVE AND CENTRAL AVE,N LOUISE AVE AND LIVERMORE AVE
645,N LOUISE AVE AND LIVERMORE AVE,N LOUISE AVE AND LUNDY AVE
646,N LOUISE AVE AND LUNDY AVE,N LOUISE AVE AND MEREDITH AVE
647,N LUNDY AVE AND LOUISE AVE,N LUNDY AVE AND PRESCOTT AV
648,N LUNDY AVE AND PRESCOTT AVE,N LUNDY AVE AND LOUISE AVE
649,MANDELL AVE AND MCCLELLAN AVE,MANDELL AVE AND MEREDITH AVE
650,N MANKATO AVE AND MEDFORD AVE,N MANKATO AVE AND LEOTI AVE
651,N MANKATO AVE AND TAHOMA AVE,N MANKATO AVE AND HIAWATHA AVE
652,N MASON AVE AND ESTES AVE,N MASON AVE AND MENDOTA AVE
653,N MASON AVE AND FITCH AVE,N MASON AVE AND TOUHY AVE
654,N MASON AVE AND FITCH AVE,N MASON AVE AND ESTES AVE
655,N N MCALPIN AVE AND CALDWELL AVE,N N MCALPIN AVE AND MEDFORD AVE
656,N N MCALPIN AVE AND LEOTI AVE,N N MCALPIN AVE AND TAHOMA AVE
657,N N MCALPIN AVE AND MEDFORD AVE,N N MCALPIN AVE AND LEOTI AVE
658,N N MCALPIN AVE AND TAHOMA AVE,N N MCALPIN AVE AND HIAWATHA AVE
659,MCCLELLAN AVE AND MANDELL AVE,MCCLELLAN AVE AND LUNDY AVE
660,N MEDFORD AVE AND N MCALPIN AVE,N MEDFORD AVE AND MANKATO AVE
661,N MEDFORD AVE AND MONON AVE,N MEDFORD AVE AND N MCALPIN AVE
662,N MEDFORD AVE AND MOSELLE AVE,N MEDFORD AVE AND MONON AVE
663,N MELVINA AVE AND TOUHY AVE,N MELVINA AVE AND ESTES AVE
664,N MENDOTA AVE AND IONIA AVE,N MENDOTA AVE AND MASON AVE
665,N MEREDITH AVE AND MANDELL AVE,N MEREDITH AVE AND LOUISE AVE
666,N MEREDITH AVE AND MC CLELLAN AVE,N MEREDITH AVE AND MANDELL AVE
667,7050 N MERRIMAC AVE,7060 N MERRIMAC AVE 
668,N MERRIMAC AVE AND TOUHY AVE,N MERRIMAC AVE AND ESTES AVE
669,N MINNEHAHA AVE AND DEVON AVE,N MINNEHAHA AVE AND TAHOMA AVE
670,N MINNEHAHA AVE AND TAHOMA AVE,N MINNEHAHA AVE AND HIAWATHA AVE
671,N MINNETONKA AVE AND CALDWELL AVE,N MINNETONKA AVE AND LEOTI AVE
672,N MOBILE AVE AND FITCH AVE,N MOBILE AVE AND TOUHY AVE
673,N MOBILE AVE AND FITCH AVE,N MOBILE AVE AND ESTES AVE
674,N MOBILE AVE AND GREENLEAF AVE,N MOBILE AVE AND ESTES AVE
675,N MONON AVE AND MEDFORD AVE,N MONON AVE AND LEOTI AVE
676,7146 N MOODY AVE,7180 N MOODY AVE 
677,N MOSELLE AVE AND CALDWELL AVE,N MOSELLE AVE AND MEDFORD AVE
678,N MOSELLE AVE AND MEDFORD AVE,N MOSELLE AVE AND LEOTI AVE
679,7100 N NAGLE AVE,7158 N NAGLE AVE 
680,5158 N NASHVILLE AVE,5148 N NASHVILLE AVE 
681,N NAVAJO AVE AND LEOTI AVE,N NAVAJO AVE AND DEVON AVE
682,N NEWCASTLE AVE AND TALCOTT AVE,N NEWCASTLE AVE AND GREGORY AVE
683,N NOKOMIS AVE AND LEOTI AVE,N NOKOMIS AVE AND DEVON AVE
684,7112 N OCTAVIA AVE,N OCTAVIA AVE AND FITCH AVE
685,N OCTAVIA AVE AND FITCH AVE,N OCTAVIA AVE AND TOUHY AVE
686,N OCTAVIA AVE AND GREENLEAF AVE,7044 N OCTAVIA AVE 
687,N ODELL AVE AND EVERELL AVE,N ODELL AVE AND MYRTLE AVE
688,N OLCOTT AVE AND EVERELL AVE,N OLCOTT AVE AND MYRTLE AVE
689,6900 N OTTAWA AVE,6960 N OTTAWA AVE 
690,N OZARK AVE AND THORNDALE AVE,N OZARK AVE AND PETERSON AVE
691,W PALATINE AVE AND CANFIELD AVE,W PALATINE AVE AND OVERHILL AVE
692,W PETERSON AVE AND ODELL AVE,W PETERSON AVE AND OCONTO AVE
693,W PETERSON AVE AND ORIOLE AVE,W PETERSON AVE AND OTTAWA AVE
694,6500 N PONCHARTRAIN BLVD,6558 N PONCHARTRAIN BLVD 
695,N PONCHARTRAIN BLVD AND LEOTI AVE,N PONCHARTRAIN BLVD AND LEHIGH AVE
696,PRESCOTT AVE AND LUNDY AVE,PRESCOTT AVE AND CENTRAL AVE
697,5200 N SANFORD AVE,5224 N SANFORD AVE 
698,N SIOUX AVE AND ALGONQUIN AVE,N SIOUX AVE AND WAUKESHA AVE
699,N SIOUX AVE AND CENTRAL AVE,N SIOUX AVE AND ALGONQUIN AVE
700,N SIOUX AVE AND WAUKESHA AVE,N SIOUX AVE AND KINZUA AVE
701,N TAHOMA AVE AND ALGONQUIN AVE,N TAHOMA AVE AND KINZUA AVE
702,6946 N TAHOMA AVE,N TAHOMA AVE AND N MCALPIN AVE
703,N TAHOMA AVE AND ESTES AVE,N TAHOMA AVE AND MANKATO AVE
704,N TAHOMA AVE AND N MCALPIN AVE,N TAHOMA AVE AND MANKATO AVE
705,N TALCOTT AVE AND GREGORY AVE,N TALCOTT AVE AND HIGGINS AVE
706,W THORNDALE AVE AND ORIOLE AVE,W THORNDALE AVE AND OTTAWA AVE
707,N TONTY AVE AND CALDWELL AVE,N TONTY AVE AND LEOTI AVE
708,N TONTY AVE AND HIAWATHA AVE,N TONTY AVE AND IONIA AVE
709,N TONTY AVE AND IONIA AVE,N TONTY AVE AND LEHIGH AVE
710,N TONTY AVE AND LEOTI AVE,N TONTY AVE AND HIAWATHA AVE
711,N WAUKESHA AVE AND CALDWELL AVE,N WAUKESHA AVE AND LEOTI AVE
712,N WAUKESHA AVE AND KINZUA AVE,N WAUKESHA AVE AND IONIA AVE
713,N WAUKESHA AVE AND LEOTI AVE,N WAUKESHA AVE AND LEHIGH AVE
714,N WILDWOOD AVE AND CALDWELL AVE,N WILDWOOD AVE AND LEOTI AVE
715,N WILDWOOD AVE AND HIAWATHA AVE,N WILDWOOD AVE AND IONIA AVE
716,N WILDWOOD AVE AND IONIA AVE,N WILDWOOD AVE AND LEHIGH AVE
717,N WILDWOOD AVE AND LEOTI AVE,N WILDWOOD AVE AND HIAWATHA AVE
718,N MAGNOLIA AVE AND KINGSBURY ST,N MAGNOLIA AVE AND CLYBOURN AVE
719,N SEMINARY AVE AND BYRON ST,N SEMINARY AVE AND DAKIN ST
720,N SEMINARY AVE AND DAKIN ST,N SEMINARY AVE AND IRVING PARK RD
721,N SEMINARY AVE AND WAVELAND AVE,N SEMINARY AVE AND GRACE W ST
722,4638 W BERTEAU,BERTEAU AND KILPATRICK AVE
723,W BERWYN AVE AND MEADE AVE,W BERWYN AVE AND MOODY AVE
724,W BRYN MAWR AVE AND EDENS PKWY,W BRYN MAWR AVE AND LAMON AVE
725,W BRYN MAWR AVE AND LAMON AVE,W BRYN MAWR AVE AND LAWLER AVE
726,W CARMEN AVE AND NAGLE AVE,W CARMEN AVE AND MULLIGAN AVE
727,W CATALPA AVE AND FOREST GLEN AVE,W 5172 W CATALPA AVE 
728,N CLIFFORD AVE AND LAS CASAS AVE,N CLIFFORD AVE AND LANSING AVE
729,N CLIFFORD AVE AND LANSING AVE,5780 N CLIFFORD AVE 
730,N FOREST GLEN AVE AND BALMORAL AVE,N FOREST GLEN AVE AND CATALPA AVE
731,N FOREST GLEN AVE AND BERWYN AVE,N FOREST GLEN AVE AND BALMORAL AVE
732,N FOREST GLEN AVE AND CATALPA AVE,N FOREST GLEN AVE AND LATHAM AVE
733,N FOREST GLEN AVE AND LATHAM AVE,FOREST 5558 N GLEN AVE 
734,5400 W GETTYSBURG ST,W 5448 W GETTYSBURG ST 
735,W GREGORY ST AND LA CROSSE AVE,W GREGORY ST AND LAMON AVE
736,N HIAWATHA AVE AND LEADER AVE,6234 N HIAWATHA AVE 
737,N HIAWATHA AVE AND LENOX AVE,N HIAWATHA AVE AND LEONA AVE
738,N HIAWATHA AVE AND LEONA AVE,N HIAWATHA AVE AND LEROY AVE
739,N HIAWATHA AVE AND LEROY AVE,N HIAWATHA AVE AND LE MAI AVE
740,N INDIAN RD AND ARDMORE AVE,N INDIAN RD AND ROSEDALE AVE
741,N INDIAN RD AND AUSTIN AVE,N INDIAN RD AND MC VICKER AVE
742,5700 N INDIAN RD,N INDIAN RD AND ARDMORE AVE
743,N INDIAN RD AND LINDER AVE,N INDIAN RD AND LUNA AVE
744,N INDIAN RD AND LUNA AVE,N INDIAN RD AND CENTRAL AVE
745,N INDIAN RD AND MASON AVE,N INDIAN RD AND AUSTIN AVE
746,N INDIAN RD AND MC VICKER AVE,N INDIAN RD AND MEADE AVE
747,N INDIAN RD AND MIAMI AVE,N INDIAN RD AND MASON AVE
748,N INDIAN RD AND MONITOR AVE,N INDIAN RD AND MIAMI AVE
749,N INDIAN RD AND ROSEDALE AVE,N INDIAN RD AND LINDER AVE
750,N KILPATRICK AVE AND HUTCHINSON ST,N KILPATRICK AVE AND PENSACOLA AVE
751,N LAMON AVE AND CATALPA AVE,N LAMON AVE AND GREGORY ST
752,N LAMON AVE AND GREGORY ST,N LAMON AVE AND BRYN MAWR AVE
753,N LANSING AVE AND CLIFFORD AVE,N LANSING AVE AND LEADER AVE
754,N LANSING AVE AND FOREST GLEN AVE,N LANSING AVE AND CLIFFORD AVE
755,N LAS CASAS AVE AND FOREST GLEN AVE,N LAS CASAS AVE AND CLIFFORD AVE
756,N LATHAM AVE AND LAWLER AVE,N LATHAM AVE AND FOREST GLEN AVE
757,N LEADER AVE AND LANSING AVE,N LEADER AVE AND LOUISE AVE
758,N LEADER AVE AND LOUISE AVE,N LEADER AVE AND CALDWELL AVE
759,N LEAVENWORTH AVE AND LYNCH AVE,5552 N LEAVENWORTH AVE 
760,N LEMONT AVE AND LACEY AVE,5856 N LEMONT AVE 
761,N LEMONT AVE AND LANSING AVE,N LEMONT AVE AND LACEY AVE
762,5700 N LEONARD AVE,5728 N LEONARD AVE 
763,N LEONARD AVE AND LYNCH AVE,5578 N LEONARD AVE 
764,N LEONARD AVE AND MAJOR AVE,N LEONARD AVE AND MILTIMORE AVE
765,N LEOTI AVE AND SPOKANE AVE,N LEOTI AVE AND LEMAI AVE
766,N LINDER AVE AND ARDMORE AVE,N LINDER AVE AND ROSEDALE AVE
767,5720 N LINDER AVE,N LINDER AVE AND ARDMORE AVE
768,N LINDER AVE AND MONTROSE AVE,N LINDER AVE AND AGATITE AVE
769,N LINDER AVE AND ROSEDALE AVE,N LINDER AVE AND INDIAN RD
770,5720 N LOCKWOOD AVE,N LOCKWOOD AVE AND ARDMORE AVE
771,N LUNA AVE AND ROSEDALE AVE,N LUNA AVE AND INDIAN RD
772,N MELVINA AVE AND HIGGINS AVE,N MELVINA AVE AND FOSTER AVE
773,N NAVAJO AVE AND CALDWELL AVE,N NAVAJO AVE AND LEOTI AVE
774,N NAVAJO AVE AND DEVON AVE,N NAVAJO AVE AND LEOTI AVE
775,W PETERSON AVE AND HOLBROOK ST,W PETERSON AVE AND NAGLE AVE
776,W PETERSON AVE AND MULLIGAN AVE,W PETERSON AVE AND HOLBROOK ST
777,W ROSEDALE AVE AND INDIAN RD,W ROSEDALE AVE AND LINDER AVE
778,W ROSEDALE AVE AND LINDER AVE,W ROSEDALE AVE AND LUNA AVE
779,W STRONG ST AND MERRIMAC AVE,W STRONG ST AND MOBILE AVE
780,W STRONG ST AND MOBILE AVE,W STRONG ST AND MULLIGAN AVE
781,W STRONG ST AND MULLIGAN AVE,W STRONG ST AND NAGLE AVE
782,1434 W AINSLIE ST,W AINSLIE ST AND JANSSEN AVE
783,3902 N LAKEWOOD AVE,N LAKEWOOD AVE AND IRVING PARK RD
784,W RAVENSWOOD AVE AND ADDISON,W RAVENSWOOD AVE AND CORNELIA AVE
785,JARVIS AVE AND OAKLEY,2132 W JARVIS AVE 
786,W GLENLAKE AVE AND ARTESIAN AVE,W GLENLAKE AVE AND CAMPBELL AVE
787,W GLENLAKE AVE AND WESTERN AVE,W GLENLAKE AVE AND ARTESIAN AVE
788,N RAVENSWOOD AVE AND THOME AVE,N RAVENSWOOD AVE AND DEVON AVE
